{"cpu_mhz": 80, "macc": 1567280, "duration_avg": 0.244592, "cycles_avg": 19567373, "stack": 388, "cycles_macc": 12.484924837935786}
