{"cpu_mhz": 80, "macc": 468649, "duration_avg": 0.073457, "cycles_avg": 5876568, "stack": 292, "cycles_macc": 12.539380218457737}
