{"cpu_mhz": 80, "macc": 318497, "duration_avg": 0.059537999999999994, "cycles_avg": 4763083, "stack": 292, "cycles_macc": 14.954875556127687}
