{"cpu_mhz": 80, "macc": 445688, "duration_avg": 0.071148, "cycles_avg": 5691859, "stack": 292, "cycles_macc": 12.77094963292707}
