{"cpu_mhz": 80, "macc": 380749, "duration_avg": 0.06633, "cycles_avg": 5306424, "stack": 292, "cycles_macc": 13.936803510974421}
