{"cpu_mhz": 80, "macc": 291318, "duration_avg": 0.051713999999999996, "cycles_avg": 4137172, "stack": 292, "cycles_macc": 14.201566672845482}
