{"cpu_mhz": 80, "macc": 208943, "duration_avg": 0.038006, "cycles_avg": 3040495, "stack": 292, "cycles_macc": 14.551791636953618}
